{"val_loss": [0.020800868276829382, 0.016543934107408852], "val_acc": [0.08072758617676291, 0.08654159080333845], "loss": [0.025392990149679114, 0.016593751979358574], "acc": [0.08047523864185242, 0.08691158652566952]}